generation,stage,#,serial_number,checksum,parent_1,parent_2,hidden_checksum,output_checksum,input,hidden_type,hidden_neurons,hidden_activation,output_type,output_count,output_activation,fitness,
initial, initial,0,0,2.939380770319093,None,None,0.6833892241120338,-0.004917562007904053,26,0.8787856844011991,512.0,0.7927550591890733,0.5712373243669905,5,0.018131040257700404,None
initial, initial,1,1,2.8540428590283153,None,None,1.949336975812912,0.18084871768951416,26,0.35740096236647445,512.0,0.038713011866758684,0.1401534145291511,5,0.18758977676350475,None
initial, initial,2,2,2.9707616229990426,None,None,0.615563940256834,-0.0006870627403259277,26,0.2761580922442921,512.0,0.730087296252589,0.7102853199649088,5,0.6393540370207443,None
initial, initial,3,3,-0.03179085126874315,None,None,-1.9595545269548893,-0.13425230234861374,26,0.3852942224484218,512.0,0.21670959968046466,0.968263862848167,5,0.4917482930577063,None
initial, initial,4,4,1.6598322666879621,None,None,-0.9071156978607178,0.07241308689117432,26,0.22203864847129617,512.0,0.8114406819138378,0.7604104349927262,5,0.7006451122796455,None
initial, initial,5,5,-1.2925517003540383,None,None,-2.937227088958025,0.057532843202352524,26,0.002744140230478198,512.0,0.5427361426511751,0.9252133952587027,5,0.11644886726127812,None
initial, initial,6,6,3.2575977110417647,None,None,0.9927075020968914,-0.021223396062850952,26,0.5207023292623927,512.0,0.9277241729105722,0.041780132091121414,5,0.7959069707436378,None
initial, initial,7,7,2.8135867024616807,None,None,0.41808007284998894,-0.029428526759147644,26,0.9888523770750434,512.0,0.9401835600323405,0.21903998491854448,5,0.27685923434491166,None
initial, initial,8,8,1.214901459257501,None,None,-0.3443722277879715,0.1520700454711914,26,0.4171398707803593,512.0,0.001922067071918887,0.7128503966277234,5,0.2752913070942794,None
initial, initial,9,9,1.753023869064261,None,None,-0.1207650750875473,0.0678480938076973,26,0.9824770566223603,512.0,0.1662060055715846,0.35516904038477304,5,0.3020887477653933,None
0,after_evaluation,0,0,2.939380770319093,None,None,0.6833892241120338,-0.004917562007904053,26,0.8787856844011991,512.0,0.7927550591890733,0.5712373243669905,5,0.018131040257700404,1
0,after_evaluation,1,1,2.8540428590283153,None,None,1.949336975812912,0.18084871768951416,26,0.35740096236647445,512.0,0.038713011866758684,0.1401534145291511,5,0.18758977676350475,1
0,after_evaluation,2,2,2.9707616229990426,None,None,0.615563940256834,-0.0006870627403259277,26,0.2761580922442921,512.0,0.730087296252589,0.7102853199649088,5,0.6393540370207443,1
0,after_evaluation,3,3,-0.03179085126874315,None,None,-1.9595545269548893,-0.13425230234861374,26,0.3852942224484218,512.0,0.21670959968046466,0.968263862848167,5,0.4917482930577063,1
0,after_evaluation,4,4,1.6598322666879621,None,None,-0.9071156978607178,0.07241308689117432,26,0.22203864847129617,512.0,0.8114406819138378,0.7604104349927262,5,0.7006451122796455,1
0,after_evaluation,5,5,-1.2925517003540383,None,None,-2.937227088958025,0.057532843202352524,26,0.002744140230478198,512.0,0.5427361426511751,0.9252133952587027,5,0.11644886726127812,1
0,after_evaluation,6,6,3.2575977110417647,None,None,0.9927075020968914,-0.021223396062850952,26,0.5207023292623927,512.0,0.9277241729105722,0.041780132091121414,5,0.7959069707436378,1
0,after_evaluation,7,7,2.8135867024616807,None,None,0.41808007284998894,-0.029428526759147644,26,0.9888523770750434,512.0,0.9401835600323405,0.21903998491854448,5,0.27685923434491166,1
0,after_evaluation,8,8,1.214901459257501,None,None,-0.3443722277879715,0.1520700454711914,26,0.4171398707803593,512.0,0.001922067071918887,0.7128503966277234,5,0.2752913070942794,1
0,after_evaluation,9,9,1.753023869064261,None,None,-0.1207650750875473,0.0678480938076973,26,0.9824770566223603,512.0,0.1662060055715846,0.35516904038477304,5,0.3020887477653933,1
0,after_carryover,0,10,-0.10830079565901596,4,5,-2.1399381869123317,0.025101561099290848,26,0.002744140230478198,512.0,0.5427361426511751,0.7604104349927262,5,0.7006451122796455,None
0,after_carryover,1,11,2.3056904815315473,9,5,0.7359730985481292,-0.06810653023421764,26,1.0,512.0,0.1662060055715846,0.35516904038477304,5,0.11644886726127812,None
0,after_carryover,2,12,1.0108763116992767,6,4,-0.8333684003227972,0.03412020206451416,26,0.22005696945774747,512.0,0.8114406819138378,0.041780132091121414,5,0.736846726494853,None
0,after_carryover,3,13,1.4073300011497245,2,9,0.2996412832289934,-0.329198457300663,26,0.2761580922442921,512.0,0.1662060055715846,0.35516904038477304,5,0.6393540370207443,None
0,after_carryover,4,14,4.404268593769466,6,8,2.3263801399152726,0.08984806574881077,26,0.4773609536621026,512.0,0.001922067071918887,0.7128503966277234,5,0.7959069707436378,None
0,after_carryover,5,15,2.8036143725839135,2,6,-0.06310781952925026,0.10974027588963509,26,0.5207023292623927,512.0,0.730087296252589,0.7102853199649088,5,0.7959069707436378,None
0,after_carryover,6,16,3.6706497395148805,4,8,1.5089485306816641,0.21280160313472152,26,0.4171398707803593,512.0,0.001922067071918887,0.7857032038098843,5,0.7441344640363321,None
0,after_carryover,7,17,2.809234538107426,3,8,0.9219309196050745,0.3160020336508751,26,0.3852942224484218,512.0,0.001922067071918887,0.6923370022734296,5,0.4917482930577063,None
0,after_carryover,8,18,2.9736075572268827,9,4,0.7078859916655347,0.10035292059183121,26,0.22203864847129617,512.0,0.8875158438338019,0.35516904038477304,5,0.7006451122796455,None
0,after_carryover,9,19,-1.67841353392176,0,8,-3.2122355049159523,0.17725589126348495,26,0.4171398707803593,512.0,0.001922067071918887,0.6622128347841492,5,0.2752913070942794,None
1,after_evaluation,0,10,-0.10830079565901596,4,5,-2.1399381869123317,0.025101561099290848,26,0.002744140230478198,512.0,0.5427361426511751,0.7604104349927262,5,0.7006451122796455,1
1,after_evaluation,1,11,2.3056904815315473,9,5,0.7359730985481292,-0.06810653023421764,26,1.0,512.0,0.1662060055715846,0.35516904038477304,5,0.11644886726127812,1
1,after_evaluation,2,12,1.0108763116992767,6,4,-0.8333684003227972,0.03412020206451416,26,0.22005696945774747,512.0,0.8114406819138378,0.041780132091121414,5,0.736846726494853,1
1,after_evaluation,3,13,1.4073300011497245,2,9,0.2996412832289934,-0.329198457300663,26,0.2761580922442921,512.0,0.1662060055715846,0.35516904038477304,5,0.6393540370207443,1
1,after_evaluation,4,14,4.404268593769466,6,8,2.3263801399152726,0.08984806574881077,26,0.4773609536621026,512.0,0.001922067071918887,0.7128503966277234,5,0.7959069707436378,1
1,after_evaluation,5,15,2.8036143725839135,2,6,-0.06310781952925026,0.10974027588963509,26,0.5207023292623927,512.0,0.730087296252589,0.7102853199649088,5,0.7959069707436378,1
1,after_evaluation,6,16,3.6706497395148805,4,8,1.5089485306816641,0.21280160313472152,26,0.4171398707803593,512.0,0.001922067071918887,0.7857032038098843,5,0.7441344640363321,1
1,after_evaluation,7,17,2.809234538107426,3,8,0.9219309196050745,0.3160020336508751,26,0.3852942224484218,512.0,0.001922067071918887,0.6923370022734296,5,0.4917482930577063,1
1,after_evaluation,8,18,2.9736075572268827,9,4,0.7078859916655347,0.10035292059183121,26,0.22203864847129617,512.0,0.8875158438338019,0.35516904038477304,5,0.7006451122796455,1
1,after_evaluation,9,19,-1.67841353392176,0,8,-3.2122355049159523,0.17725589126348495,26,0.4171398707803593,512.0,0.001922067071918887,0.6622128347841492,5,0.2752913070942794,1
1,after_carryover,0,20,4.069692642654526,16,10,1.7237919084727764,-0.383539626840502,26,0.5718960028078506,512.0,0.6879846244795635,0.7254252696985058,5,0.7441344640363321,None
1,after_carryover,1,21,4.764143289864974,18,15,2.5554955111583695,0.04327913373708725,26,0.22203864847129617,512.0,0.8875158438338019,0.35516904038477304,5,0.7006451122796455,None
1,after_carryover,2,22,2.0944957082496116,10,17,0.035536731040338054,-0.05315668322145939,26,0.3852942224484218,512.0,0.5427361426511751,0.6923370022734296,5,0.4917482930577063,None
1,after_carryover,3,23,3.4747899037089796,11,14,1.6716833092505112,0.08576117642223835,26,0.4773609536621026,512.0,0.1662060055715846,0.2778714880589049,5,0.7959069707436378,None
1,after_carryover,4,24,4.517009792130066,12,16,2.697171421983512,0.2815642482601106,26,0.06506586486034313,512.0,0.8114406819138378,0.041780132091121414,5,0.619987443021142,None
1,after_carryover,5,25,-0.44319459292798835,19,16,-2.9015894744752586,0.3105828985571861,26,0.5851086005967021,512.0,0.04447742518042205,0.6622128347841492,5,0.8560131224288108,None
1,after_carryover,6,26,1.8202166134174802,19,18,0.5688935896323528,0.10825148224830627,26,0.20364533258647374,512.0,0.001922067071918887,0.6622128347841492,5,0.2752913070942794,None
1,after_carryover,7,27,2.091147480007388,11,10,-0.5374750860501081,-0.03630267083644867,26,1.0,512.0,0.3036026651690156,0.7098019559230659,5,0.6515206158018629,None
1,after_carryover,8,28,0.9061925191268652,10,18,-1.111989174678456,0.09861568920314312,26,0.002744140230478198,512.0,0.8610077117072813,0.35516904038477304,5,0.7006451122796455,None
1,after_carryover,9,29,0.12370052723345448,14,19,-1.9128044241806492,0.15932320803403854,26,0.4171398707803593,512.0,0.001922067071918887,0.6622128347841492,5,0.7959069707436378,None
2,after_evaluation,0,20,4.069692642654526,16,10,1.7237919084727764,-0.383539626840502,26,0.5718960028078506,512.0,0.6879846244795635,0.7254252696985058,5,0.7441344640363321,1
2,after_evaluation,1,21,4.764143289864974,18,15,2.5554955111583695,0.04327913373708725,26,0.22203864847129617,512.0,0.8875158438338019,0.35516904038477304,5,0.7006451122796455,1
2,after_evaluation,2,22,2.0944957082496116,10,17,0.035536731040338054,-0.05315668322145939,26,0.3852942224484218,512.0,0.5427361426511751,0.6923370022734296,5,0.4917482930577063,1
2,after_evaluation,3,23,3.4747899037089796,11,14,1.6716833092505112,0.08576117642223835,26,0.4773609536621026,512.0,0.1662060055715846,0.2778714880589049,5,0.7959069707436378,1
2,after_evaluation,4,24,4.517009792130066,12,16,2.697171421983512,0.2815642482601106,26,0.06506586486034313,512.0,0.8114406819138378,0.041780132091121414,5,0.619987443021142,1
2,after_evaluation,5,25,-0.44319459292798835,19,16,-2.9015894744752586,0.3105828985571861,26,0.5851086005967021,512.0,0.04447742518042205,0.6622128347841492,5,0.8560131224288108,1
2,after_evaluation,6,26,1.8202166134174802,19,18,0.5688935896323528,0.10825148224830627,26,0.20364533258647374,512.0,0.001922067071918887,0.6622128347841492,5,0.2752913070942794,1
2,after_evaluation,7,27,2.091147480007388,11,10,-0.5374750860501081,-0.03630267083644867,26,1.0,512.0,0.3036026651690156,0.7098019559230659,5,0.6515206158018629,1
2,after_evaluation,8,28,0.9061925191268652,10,18,-1.111989174678456,0.09861568920314312,26,0.002744140230478198,512.0,0.8610077117072813,0.35516904038477304,5,0.7006451122796455,1
2,after_evaluation,9,29,0.12370052723345448,14,19,-1.9128044241806492,0.15932320803403854,26,0.4171398707803593,512.0,0.001922067071918887,0.6622128347841492,5,0.7959069707436378,1
2,after_carryover,0,30,2.45878761301644,22,24,0.7080891869554762,0.22931737592443824,26,0.06506586486034313,512.0,0.8114406819138378,0.0,5,0.6448745033623445,None
2,after_carryover,1,31,3.154935933848109,27,22,0.1504111314425245,0.08196383342146873,26,1.0,512.0,0.32005910710615126,0.8475521280566075,5,0.7549497338213573,None
2,after_carryover,2,32,0.15353921590532638,27,23,-1.5559688246576115,0.000688500702381134,26,0.32638558022539943,512.0,0.02111138791022857,0.7098019559230659,5,0.6515206158018629,None
2,after_carryover,3,33,9.627079817392524,20,24,7.6698414023267105,-0.2657607146538794,26,0.5317071460149881,512.0,0.8114406819138378,0.041780132091121414,5,0.8380711696997443,None
2,after_carryover,4,34,1.7345028700134848,26,23,-0.14838831147062592,0.16554576344788074,26,0.4773609536621026,512.0,0.1662060055715846,0.2778714880589049,5,0.7959069707436378,None
2,after_carryover,5,35,1.9385866308588673,28,22,-0.02498737585847266,0.07111147232353687,26,0.0,512.0,0.7083772390626669,0.6923370022734296,5,0.4917482930577063,None
2,after_carryover,6,36,5.154679821083514,23,22,3.1550954546546564,-0.06355983205139637,26,0.27300140765217473,512.0,0.7163643320255364,0.2778714880589049,5,0.7959069707436378,None
2,after_carryover,7,37,4.297687763886495,20,21,1.677958172513172,-0.3415617221035063,26,0.5718960028078506,512.0,0.9633249286908279,0.7254252696985058,5,0.7006451122796455,None
2,after_carryover,8,38,4.299355006098938,27,20,1.9744030645815656,-0.03362057404592633,26,0.6544615076388705,512.0,0.17367771929635706,0.7254252696985058,5,0.805008018929565,None
2,after_carryover,9,39,4.299301801535806,24,23,2.918538517114939,-0.16066260589286685,26,0.4773609536621026,512.0,0.1662060055715846,0.2778714880589049,5,0.619987443021142,None
3,after_evaluation,0,30,2.45878761301644,22,24,0.7080891869554762,0.22931737592443824,26,0.06506586486034313,512.0,0.8114406819138378,0.0,5,0.6448745033623445,1
3,after_evaluation,1,31,3.154935933848109,27,22,0.1504111314425245,0.08196383342146873,26,1.0,512.0,0.32005910710615126,0.8475521280566075,5,0.7549497338213573,1
3,after_evaluation,2,32,0.15353921590532638,27,23,-1.5559688246576115,0.000688500702381134,26,0.32638558022539943,512.0,0.02111138791022857,0.7098019559230659,5,0.6515206158018629,1
3,after_evaluation,3,33,9.627079817392524,20,24,7.6698414023267105,-0.2657607146538794,26,0.5317071460149881,512.0,0.8114406819138378,0.041780132091121414,5,0.8380711696997443,1
3,after_evaluation,4,34,1.7345028700134848,26,23,-0.14838831147062592,0.16554576344788074,26,0.4773609536621026,512.0,0.1662060055715846,0.2778714880589049,5,0.7959069707436378,1
3,after_evaluation,5,35,1.9385866308588673,28,22,-0.02498737585847266,0.07111147232353687,26,0.0,512.0,0.7083772390626669,0.6923370022734296,5,0.4917482930577063,1
3,after_evaluation,6,36,5.154679821083514,23,22,3.1550954546546564,-0.06355983205139637,26,0.27300140765217473,512.0,0.7163643320255364,0.2778714880589049,5,0.7959069707436378,1
3,after_evaluation,7,37,4.297687763886495,20,21,1.677958172513172,-0.3415617221035063,26,0.5718960028078506,512.0,0.9633249286908279,0.7254252696985058,5,0.7006451122796455,1
3,after_evaluation,8,38,4.299355006098938,27,20,1.9744030645815656,-0.03362057404592633,26,0.6544615076388705,512.0,0.17367771929635706,0.7254252696985058,5,0.805008018929565,1
3,after_evaluation,9,39,4.299301801535806,24,23,2.918538517114939,-0.16066260589286685,26,0.4773609536621026,512.0,0.1662060055715846,0.2778714880589049,5,0.619987443021142,1
3,after_carryover,0,40,2.563879301861692,31,30,-0.42352412978652865,0.1554439552128315,26,1.0,512.0,0.32005910710615126,0.8475521280566075,5,0.6643482412726309,None
3,after_carryover,1,41,-3.0107615550643736,35,30,-4.328753654001048,0.20948863914236426,26,0.0,512.0,0.6167551667366038,0.0,5,0.4917482930577063,None
3,after_carryover,2,42,5.098292327457644,39,37,3.580066871654708,-0.44761361880227923,26,0.5517437019598644,512.0,0.1662060055715846,0.6279019240526247,5,0.619987443021142,None
3,after_carryover,3,43,2.674331059520137,37,34,0.019122332596452907,-0.04346786253154278,26,0.6760951119827963,512.0,0.9633249286908279,0.2778714880589049,5,0.7813850607226976,None
3,after_carryover,4,44,7.254529123479943,36,33,5.738082617055625,-0.24868632666766644,26,0.27300140765217473,512.0,0.6544443226050513,0.041780132091121414,5,0.7959069707436378,None
3,after_carryover,5,45,-1.7247799081356303,34,37,-4.069558757182676,-0.009702201932668686,26,0.5718960028078506,512.0,0.8040684478333133,0.2778714880589049,5,0.7006451122796455,None
3,after_carryover,6,46,3.206719780437731,39,38,1.3512041067879181,-0.1409357120282948,26,0.4773609536621026,512.0,0.17367771929635706,0.7254252696985058,5,0.619987443021142,None
3,after_carryover,7,47,3.977469945557222,36,38,1.867946255413699,0.06702005490660667,26,0.27300140765217473,512.0,0.17367771929635706,0.7254252696985058,5,0.8703992385898783,None
3,after_carryover,8,48,5.406145334761395,34,36,3.460820240783505,-0.12487498670816422,26,0.32414193347162334,512.0,0.7163643320255364,0.23378684444525596,5,0.7959069707436378,None
3,after_carryover,9,49,2.432612998536712,36,35,0.6050607390934601,-0.32003860734403133,26,0.36543516892207406,512.0,0.7083772390626669,0.2778714880589049,5,0.7959069707436378,None
4,after_evaluation,0,40,2.563879301861692,31,30,-0.42352412978652865,0.1554439552128315,26,1.0,512.0,0.32005910710615126,0.8475521280566075,5,0.6643482412726309,1
4,after_evaluation,1,41,-3.0107615550643736,35,30,-4.328753654001048,0.20948863914236426,26,0.0,512.0,0.6167551667366038,0.0,5,0.4917482930577063,1
4,after_evaluation,2,42,5.098292327457644,39,37,3.580066871654708,-0.44761361880227923,26,0.5517437019598644,512.0,0.1662060055715846,0.6279019240526247,5,0.619987443021142,1
4,after_evaluation,3,43,2.674331059520137,37,34,0.019122332596452907,-0.04346786253154278,26,0.6760951119827963,512.0,0.9633249286908279,0.2778714880589049,5,0.7813850607226976,1
4,after_evaluation,4,44,7.254529123479943,36,33,5.738082617055625,-0.24868632666766644,26,0.27300140765217473,512.0,0.6544443226050513,0.041780132091121414,5,0.7959069707436378,1
4,after_evaluation,5,45,-1.7247799081356303,34,37,-4.069558757182676,-0.009702201932668686,26,0.5718960028078506,512.0,0.8040684478333133,0.2778714880589049,5,0.7006451122796455,1
4,after_evaluation,6,46,3.206719780437731,39,38,1.3512041067879181,-0.1409357120282948,26,0.4773609536621026,512.0,0.17367771929635706,0.7254252696985058,5,0.619987443021142,1
4,after_evaluation,7,47,3.977469945557222,36,38,1.867946255413699,0.06702005490660667,26,0.27300140765217473,512.0,0.17367771929635706,0.7254252696985058,5,0.8703992385898783,1
4,after_evaluation,8,48,5.406145334761395,34,36,3.460820240783505,-0.12487498670816422,26,0.32414193347162334,512.0,0.7163643320255364,0.23378684444525596,5,0.7959069707436378,1
4,after_evaluation,9,49,2.432612998536712,36,35,0.6050607390934601,-0.32003860734403133,26,0.36543516892207406,512.0,0.7083772390626669,0.2778714880589049,5,0.7959069707436378,1
4,after_carryover,0,50,2.7483489840514217,47,48,0.19360993517329916,-0.16005196049809456,26,0.27300140765217473,512.0,0.7163643320255364,0.7254252696985058,5,1.0,None
4,after_carryover,1,51,1.7139646865709537,40,41,-0.4532000140170567,0.13879498466849327,26,0.0,512.0,0.48779634683460893,0.8762251278122772,5,0.6643482412726309,None
4,after_carryover,2,52,-2.018268229333094,41,43,-3.68389355140971,0.06610328471288085,26,0.0,512.0,0.9633249286908279,0.0,5,0.6361971086729079,None
4,after_carryover,3,53,2.5047375675583785,44,49,0.9574594529694878,-0.45394607447087765,26,0.27300140765217473,512.0,0.6544443226050513,0.2778714880589049,5,0.7959069707436378,None
4,after_carryover,4,54,-0.4522670649343429,42,41,-1.4455529223196208,-0.4328757990151644,26,0.0,512.0,0.1662060055715846,0.7682073577711515,5,0.4917482930577063,None
4,after_carryover,5,55,-0.7037569001529725,41,43,-3.0038113691844046,0.22655702009797096,26,0.618424227184927,512.0,0.9633249286908279,0.0,5,0.4917482930577063,None
4,after_carryover,6,56,1.4597156825493856,40,46,-0.7904998032609001,-0.14908364228904247,26,1.0,512.0,0.17367771929635706,0.6056339657818293,5,0.619987443021142,None
4,after_carryover,7,57,-1.996499454398746,40,43,-4.656088453630218,0.24576979503035545,26,0.6760951119827963,512.0,0.2722839703746964,0.8475521280566075,5,0.6178879937870165,None
4,after_carryover,8,58,1.7345457524647077,45,48,0.09499366191448644,-0.4572921320796013,26,0.4460479338793847,512.0,0.7163643320255364,0.23378684444525596,5,0.7006451122796455,None
4,after_carryover,9,59,6.541354962965551,43,46,4.474707714267424,-0.19661078229546547,26,0.7971928457961521,512.0,0.22329413245430266,0.620099636135374,5,0.6226714166077632,None
5,after_evaluation,0,50,2.7483489840514217,47,48,0.19360993517329916,-0.16005196049809456,26,0.27300140765217473,512.0,0.7163643320255364,0.7254252696985058,5,1.0,1
5,after_evaluation,1,51,1.7139646865709537,40,41,-0.4532000140170567,0.13879498466849327,26,0.0,512.0,0.48779634683460893,0.8762251278122772,5,0.6643482412726309,1
5,after_evaluation,2,52,-2.018268229333094,41,43,-3.68389355140971,0.06610328471288085,26,0.0,512.0,0.9633249286908279,0.0,5,0.6361971086729079,1
5,after_evaluation,3,53,2.5047375675583785,44,49,0.9574594529694878,-0.45394607447087765,26,0.27300140765217473,512.0,0.6544443226050513,0.2778714880589049,5,0.7959069707436378,1
5,after_evaluation,4,54,-0.4522670649343429,42,41,-1.4455529223196208,-0.4328757990151644,26,0.0,512.0,0.1662060055715846,0.7682073577711515,5,0.4917482930577063,1
5,after_evaluation,5,55,-0.7037569001529725,41,43,-3.0038113691844046,0.22655702009797096,26,0.618424227184927,512.0,0.9633249286908279,0.0,5,0.4917482930577063,138
5,after_evaluation,6,56,1.4597156825493856,40,46,-0.7904998032609001,-0.14908364228904247,26,1.0,512.0,0.17367771929635706,0.6056339657818293,5,0.619987443021142,1
5,after_evaluation,7,57,-1.996499454398746,40,43,-4.656088453630218,0.24576979503035545,26,0.6760951119827963,512.0,0.2722839703746964,0.8475521280566075,5,0.6178879937870165,1
5,after_evaluation,8,58,1.7345457524647077,45,48,0.09499366191448644,-0.4572921320796013,26,0.4460479338793847,512.0,0.7163643320255364,0.23378684444525596,5,0.7006451122796455,1
5,after_evaluation,9,59,6.541354962965551,43,46,4.474707714267424,-0.19661078229546547,26,0.7971928457961521,512.0,0.22329413245430266,0.620099636135374,5,0.6226714166077632,1
5,after_carryover,0,60,2.490489629970266,55,53,-0.6615947514073923,0.39940677396953106,26,0.8073340379721521,512.0,0.9633249286908279,0.2778714880589049,5,0.7041471526862424,None
5,after_carryover,1,61,-6.006424811258666,55,51,-7.502894665929489,0.15050633624196053,26,0.0,512.0,0.9733505420452865,0.0,5,0.3726129763835757,None
5,after_carryover,2,62,-2.909726609751195,55,57,-5.047258989769034,0.7363864510552958,26,0.618424227184927,512.0,0.2909734087199099,0.0,5,0.4917482930577063,None
5,after_carryover,3,63,-1.5371411767467213,55,58,-3.003849727625493,-0.17775242775678635,26,0.618424227184927,512.0,0.44765317103511576,0.08663528735780895,5,0.4917482930577063,None
5,after_carryover,4,64,7.652097739508863,55,56,4.353454295080155,0.607949186116457,26,0.977121760174156,512.0,1.0,0.2218242050803887,5,0.4917482930577063,None
5,after_carryover,5,65,-7.13204241373663,55,54,-10.805104264407419,0.7015244284261826,26,0.8145755046303613,512.0,0.8970062667853862,0.7682073577711515,5,0.4917482930577063,None
5,after_carryover,6,66,6.011548410706508,55,56,3.1834612652892247,0.02104197070002556,26,0.49767021281859714,512.0,0.9633249286908279,0.6814356775826296,5,0.6646143556252031,None
5,after_carryover,7,67,1.7772892523218777,55,50,-0.14386075863149017,0.32857130328193307,26,0.0,512.0,0.9633249286908279,0.0,5,0.629253778980607,None
5,after_carryover,8,68,-2.295342250317635,55,56,-4.372518900665455,0.0862744152545929,26,0.7984503706962648,512.0,0.7007035713392558,0.0,5,0.4917482930577063,None
5,after_carryover,9,69,0.07189271902668937,55,57,-2.0421475593320793,0.3221752308309078,26,0.618424227184927,512.0,0.6835380455403378,0.0,5,0.48990277480259603,None
5,after_carryover,10,55,-0.7037569001529725,41,43,-3.0038113691844046,0.22655702009797096,26,0.618424227184927,512.0,0.9633249286908279,0.0,5,0.4917482930577063,None
6,after_evaluation,0,60,2.490489629970266,55,53,-0.6615947514073923,0.39940677396953106,26,0.8073340379721521,512.0,0.9633249286908279,0.2778714880589049,5,0.7041471526862424,1
6,after_evaluation,1,61,-6.006424811258666,55,51,-7.502894665929489,0.15050633624196053,26,0.0,512.0,0.9733505420452865,0.0,5,0.3726129763835757,1
6,after_evaluation,2,62,-2.909726609751195,55,57,-5.047258989769034,0.7363864510552958,26,0.618424227184927,512.0,0.2909734087199099,0.0,5,0.4917482930577063,1
6,after_evaluation,3,63,-1.5371411767467213,55,58,-3.003849727625493,-0.17775242775678635,26,0.618424227184927,512.0,0.44765317103511576,0.08663528735780895,5,0.4917482930577063,1
6,after_evaluation,4,64,7.652097739508863,55,56,4.353454295080155,0.607949186116457,26,0.977121760174156,512.0,1.0,0.2218242050803887,5,0.4917482930577063,1
6,after_evaluation,5,65,-7.13204241373663,55,54,-10.805104264407419,0.7015244284261826,26,0.8145755046303613,512.0,0.8970062667853862,0.7682073577711515,5,0.4917482930577063,1
6,after_evaluation,6,66,6.011548410706508,55,56,3.1834612652892247,0.02104197070002556,26,0.49767021281859714,512.0,0.9633249286908279,0.6814356775826296,5,0.6646143556252031,1
6,after_evaluation,7,67,1.7772892523218777,55,50,-0.14386075863149017,0.32857130328193307,26,0.0,512.0,0.9633249286908279,0.0,5,0.629253778980607,1
6,after_evaluation,8,68,-2.295342250317635,55,56,-4.372518900665455,0.0862744152545929,26,0.7984503706962648,512.0,0.7007035713392558,0.0,5,0.4917482930577063,1
6,after_evaluation,9,69,0.07189271902668937,55,57,-2.0421475593320793,0.3221752308309078,26,0.618424227184927,512.0,0.6835380455403378,0.0,5,0.48990277480259603,1
6,after_evaluation,10,55,-0.7037569001529725,41,43,-3.0038113691844046,0.22655702009797096,26,0.618424227184927,512.0,0.9633249286908279,0.0,5,0.4917482930577063,1
6,after_carryover,0,70,4.134347346875521,64,60,0.9409004782792181,0.5394276815932244,26,0.977121760174156,512.0,0.9633249286908279,0.2218242050803887,5,0.4917482930577063,None
6,after_carryover,1,71,5.429342232769792,64,63,3.6892757522291504,0.09560550190508366,26,0.618424227184927,512.0,0.44765317103511576,0.08663528735780895,5,0.4917482930577063,None
6,after_carryover,2,72,-3.015289201884286,61,63,-4.647845103463624,0.16745706647634506,26,0.0,512.0,0.9733505420452865,0.0,5,0.4917482930577063,None
6,after_carryover,3,73,-7.319537049006614,63,68,-8.877929891634267,-0.17775242775678635,26,0.618424227184927,512.0,0.44765317103511576,0.17831957910668927,5,0.4917482930577063,None
6,after_carryover,4,74,-0.21901451243611825,65,67,-4.052696801547427,0.7110071548809174,26,0.6810700269899255,512.0,0.8970062667853862,0.7682073577711515,5,0.776391482683928,None
6,after_carryover,5,75,0.6221874935461322,62,60,-1.8434951389426715,0.6632280331104994,26,0.8073340379721521,512.0,0.2909734087199099,0.0,5,0.7041471526862424,None
6,after_carryover,6,76,-5.337471737571735,65,62,-8.411258211301174,0.9551199743141296,26,0.618424227184927,512.0,0.24028662140152424,0.7682073577711515,5,0.4917482930577063,None
6,after_carryover,7,77,7.604674438773355,64,68,5.066188826691359,0.5475833769887686,26,0.7984503706962648,512.0,0.7007035713392558,0.0,5,0.4917482930577063,None
6,after_carryover,8,78,-1.4911312834435,62,63,-3.2215477718855254,0.32927055947948247,26,0.618424227184927,512.0,0.2909734087199099,0.0,5,0.4917482930577063,None
6,after_carryover,9,79,-1.5594598250552618,64,65,-4.561855599517003,0.7004058510065079,26,0.691411158531752,512.0,0.8970062667853862,0.2218242050803887,5,0.4917482930577063,None
7,after_evaluation,0,70,4.134347346875521,64,60,0.9409004782792181,0.5394276815932244,26,0.977121760174156,512.0,0.9633249286908279,0.2218242050803887,5,0.4917482930577063,1
7,after_evaluation,1,71,5.429342232769792,64,63,3.6892757522291504,0.09560550190508366,26,0.618424227184927,512.0,0.44765317103511576,0.08663528735780895,5,0.4917482930577063,1
7,after_evaluation,2,72,-3.015289201884286,61,63,-4.647845103463624,0.16745706647634506,26,0.0,512.0,0.9733505420452865,0.0,5,0.4917482930577063,1
7,after_evaluation,3,73,-7.319537049006614,63,68,-8.877929891634267,-0.17775242775678635,26,0.618424227184927,512.0,0.44765317103511576,0.17831957910668927,5,0.4917482930577063,1
7,after_evaluation,4,74,-0.21901451243611825,65,67,-4.052696801547427,0.7110071548809174,26,0.6810700269899255,512.0,0.8970062667853862,0.7682073577711515,5,0.776391482683928,1
7,after_evaluation,5,75,0.6221874935461322,62,60,-1.8434951389426715,0.6632280331104994,26,0.8073340379721521,512.0,0.2909734087199099,0.0,5,0.7041471526862424,1
7,after_evaluation,6,76,-5.337471737571735,65,62,-8.411258211301174,0.9551199743141296,26,0.618424227184927,512.0,0.24028662140152424,0.7682073577711515,5,0.4917482930577063,1
7,after_evaluation,7,77,7.604674438773355,64,68,5.066188826691359,0.5475833769887686,26,0.7984503706962648,512.0,0.7007035713392558,0.0,5,0.4917482930577063,1
7,after_evaluation,8,78,-1.4911312834435,62,63,-3.2215477718855254,0.32927055947948247,26,0.618424227184927,512.0,0.2909734087199099,0.0,5,0.4917482930577063,1
7,after_evaluation,9,79,-1.5594598250552618,64,65,-4.561855599517003,0.7004058510065079,26,0.691411158531752,512.0,0.8970062667853862,0.2218242050803887,5,0.4917482930577063,1
7,after_carryover,0,80,2.302061111665282,75,79,0.18380778247956187,0.48732956405729055,26,0.8073340379721521,512.0,0.2909734087199099,0.04086802537866155,5,0.4917482930577063,None
7,after_carryover,1,81,3.121394039197298,77,78,1.3052685142029077,0.20693113654851913,26,0.8264726866682545,512.0,0.2909734087199099,0.0,5,0.4917482930577063,None
7,after_carryover,2,82,-4.368848406555499,76,73,-6.659599274396896,0.11714681051671505,26,0.465995235460708,512.0,0.44765317103511576,0.7682073577711515,5,0.4917482930577063,None
7,after_carryover,3,83,3.3873479662033636,74,75,0.1945119088413776,0.6761937811970711,26,0.6810700269899255,512.0,0.2909734087199099,0.7682073577711515,5,0.776391482683928,None
7,after_carryover,4,84,2.264864803778895,79,72,-0.7626729347975925,0.7483481615781784,26,0.691411158531752,512.0,0.9733505420452865,0.12267958336356444,5,0.4917482930577063,None
7,after_carryover,5,85,2.713391047898772,76,71,-0.6089437611226458,1.206524297595024,26,0.47527163590757665,512.0,0.44765317103511576,0.7682073577711515,5,0.42467834671254995,None
7,after_carryover,6,86,-3.1895219294167343,78,72,-5.673594612511806,1.0334024354815483,26,0.618424227184927,512.0,0.3404977273708901,0.0,5,0.4917482930577063,None
7,after_carryover,7,87,-1.7040730221990585,75,78,-3.9102564407512546,0.26470932364463806,26,0.9202076437010158,512.0,0.3171192985203002,0.0,5,0.7041471526862424,None
7,after_carryover,8,88,0.24823489272731603,73,70,-1.524543213105062,0.05607113428413868,26,0.618424227184927,512.0,0.42821487219891685,0.17831957910668927,5,0.4917482930577063,None
7,after_carryover,9,89,-2.3315250067678983,76,70,-5.766602570598479,0.8089243292342871,26,0.977121760174156,512.0,0.24028662140152424,0.9169965599629071,5,0.4917482930577063,None
8,after_evaluation,0,80,2.302061111665282,75,79,0.18380778247956187,0.48732956405729055,26,0.8073340379721521,512.0,0.2909734087199099,0.04086802537866155,5,0.4917482930577063,1
8,after_evaluation,1,81,3.121394039197298,77,78,1.3052685142029077,0.20693113654851913,26,0.8264726866682545,512.0,0.2909734087199099,0.0,5,0.4917482930577063,141
8,after_evaluation,2,82,-4.368848406555499,76,73,-6.659599274396896,0.11714681051671505,26,0.465995235460708,512.0,0.44765317103511576,0.7682073577711515,5,0.4917482930577063,1
8,after_evaluation,3,83,3.3873479662033636,74,75,0.1945119088413776,0.6761937811970711,26,0.6810700269899255,512.0,0.2909734087199099,0.7682073577711515,5,0.776391482683928,1
8,after_evaluation,4,84,2.264864803778895,79,72,-0.7626729347975925,0.7483481615781784,26,0.691411158531752,512.0,0.9733505420452865,0.12267958336356444,5,0.4917482930577063,1
8,after_evaluation,5,85,2.713391047898772,76,71,-0.6089437611226458,1.206524297595024,26,0.47527163590757665,512.0,0.44765317103511576,0.7682073577711515,5,0.42467834671254995,1
8,after_evaluation,6,86,-3.1895219294167343,78,72,-5.673594612511806,1.0334024354815483,26,0.618424227184927,512.0,0.3404977273708901,0.0,5,0.4917482930577063,1
8,after_evaluation,7,87,-1.7040730221990585,75,78,-3.9102564407512546,0.26470932364463806,26,0.9202076437010158,512.0,0.3171192985203002,0.0,5,0.7041471526862424,1
8,after_evaluation,8,88,0.24823489272731603,73,70,-1.524543213105062,0.05607113428413868,26,0.618424227184927,512.0,0.42821487219891685,0.17831957910668927,5,0.4917482930577063,1
8,after_evaluation,9,89,-2.3315250067678983,76,70,-5.766602570598479,0.8089243292342871,26,0.977121760174156,512.0,0.24028662140152424,0.9169965599629071,5,0.4917482930577063,1
8,after_carryover,0,90,2.2194796875324876,81,86,0.08834802126511931,0.2178722620010376,26,0.7209220025323001,512.0,0.3579517483991939,0.0,5,0.8343856533348368,None
8,after_carryover,1,91,10.580496227472294,81,88,8.99500133143738,0.022975265979766846,26,0.8264726866682545,512.0,0.2909734087199099,0.0,5,0.44507353466698263,None
8,after_carryover,2,92,-0.2258637779809073,81,88,-1.3467706465307856,-0.5289582908153534,26,0.5925654013042118,512.0,0.15974414254591052,0.16515445218913682,5,0.7324011633259727,None
8,after_carryover,3,93,4.177076172149073,81,89,2.5902230211067945,0.009334754198789597,26,0.4935703893020432,512.0,0.0,0.8415871083277999,5,0.24236089921364645,None
8,after_carryover,4,94,7.361970393390135,81,83,4.901655876485165,0.24595216661691666,26,0.9229070569397171,512.0,0.1563778257190893,0.5304008712437793,5,0.604676596385467,None
8,after_carryover,5,95,5.4118201986662005,81,84,2.88274855830241,0.4088379293680191,26,0.5868610595482365,512.0,0.9733505420452865,0.12267958336356444,5,0.4373425260386841,None
8,after_carryover,6,96,1.9535545157779088,81,83,1.2802333154104417,-0.9358731880784035,26,0.8264726866682545,512.0,0.2909734087199099,0.0,5,0.4917482930577063,None
8,after_carryover,7,97,1.9560514981490753,81,88,0.021237748791463673,0.33435303159058094,26,0.8264726866682545,512.0,0.30938209873223277,0.015540150105867845,5,0.44906578226067534,None
8,after_carryover,8,98,-3.633771695464451,81,82,-5.919680682185572,0.18574576824903488,26,0.465995235460708,512.0,0.2909734087199099,0.7682073577711515,5,0.5749872165203167,None
8,after_carryover,9,99,0.5740195220331745,81,88,-1.6056504302541725,0.6444913186132908,26,1.0,512.0,0.2909734087199099,0.0,5,0.24420522495414637,None
8,after_carryover,10,81,3.121394039197298,77,78,1.3052685142029077,0.20693113654851913,26,0.8264726866682545,512.0,0.2909734087199099,0.0,5,0.4917482930577063,None
9,after_evaluation,0,90,2.2194796875324876,81,86,0.08834802126511931,0.2178722620010376,26,0.7209220025323001,512.0,0.3579517483991939,0.0,5,0.8343856533348368,1
9,after_evaluation,1,91,10.580496227472294,81,88,8.99500133143738,0.022975265979766846,26,0.8264726866682545,512.0,0.2909734087199099,0.0,5,0.44507353466698263,1
9,after_evaluation,2,92,-0.2258637779809073,81,88,-1.3467706465307856,-0.5289582908153534,26,0.5925654013042118,512.0,0.15974414254591052,0.16515445218913682,5,0.7324011633259727,1
9,after_evaluation,3,93,4.177076172149073,81,89,2.5902230211067945,0.009334754198789597,26,0.4935703893020432,512.0,0.0,0.8415871083277999,5,0.24236089921364645,1
9,after_evaluation,4,94,7.361970393390135,81,83,4.901655876485165,0.24595216661691666,26,0.9229070569397171,512.0,0.1563778257190893,0.5304008712437793,5,0.604676596385467,1
9,after_evaluation,5,95,5.4118201986662005,81,84,2.88274855830241,0.4088379293680191,26,0.5868610595482365,512.0,0.9733505420452865,0.12267958336356444,5,0.4373425260386841,1
9,after_evaluation,6,96,1.9535545157779088,81,83,1.2802333154104417,-0.9358731880784035,26,0.8264726866682545,512.0,0.2909734087199099,0.0,5,0.4917482930577063,1
9,after_evaluation,7,97,1.9560514981490753,81,88,0.021237748791463673,0.33435303159058094,26,0.8264726866682545,512.0,0.30938209873223277,0.015540150105867845,5,0.44906578226067534,1
9,after_evaluation,8,98,-3.633771695464451,81,82,-5.919680682185572,0.18574576824903488,26,0.465995235460708,512.0,0.2909734087199099,0.7682073577711515,5,0.5749872165203167,1
9,after_evaluation,9,99,0.5740195220331745,81,88,-1.6056504302541725,0.6444913186132908,26,1.0,512.0,0.2909734087199099,0.0,5,0.24420522495414637,1
9,after_evaluation,10,81,3.121394039197298,77,78,1.3052685142029077,0.20693113654851913,26,0.8264726866682545,512.0,0.2909734087199099,0.0,5,0.4917482930577063,140
9,after_carryover,0,100,0.4046157062045074,81,91,-1.85275426635053,0.12851466238498688,26,1.0,512.0,0.6371070171123443,0.0,5,0.4917482930577063,None
9,after_carryover,1,101,3.1186321993558646,81,98,2.411965167731978,-0.5088718011975288,26,0.529080599371972,512.0,0.21744540780123317,0.0,5,0.46901282564820995,None
9,after_carryover,2,102,6.64577946385333,81,91,4.980784626444802,-0.47440215200185776,26,0.8264726866682545,512.0,0.2909734087199099,0.2921498847450529,5,0.7298010092771693,None
9,after_carryover,3,103,1.8518386830070137,81,94,-0.14760139177087694,0.3547018691897392,26,0.6708851558337254,512.0,0.10260706582040052,0.2548939032953774,5,0.616352080638648,None
9,after_carryover,4,104,4.428570488597533,81,91,3.0050225467130076,0.07691971957683563,26,0.8525964908403612,512.0,0.2909734087199099,0.0,5,0.2030583227474183,None
9,after_carryover,5,105,1.3468802577814079,81,96,0.8824594111647457,-0.6088663190603256,26,0.51715147677816,512.0,0.2909734087199099,0.0,5,0.2651622801789181,None
9,after_carryover,6,106,2.380202892476631,81,92,1.0345198190188967,-0.2635113149881363,26,0.8264726866682545,512.0,0.2909734087199099,0.0,5,0.4917482930577063,None
9,after_carryover,7,107,-2.9094491611884625,81,99,-4.833035959512927,0.12145598232746124,26,1.0,512.0,0.02778751604826285,0.28259500689103356,5,0.4917482930577063,None
9,after_carryover,8,108,6.012886036783419,81,91,4.845564894319978,-0.6282555311918259,26,0.8264726866682545,512.0,0.2909734087199099,0.3154491178127541,5,0.3626814604543489,None
9,after_carryover,9,109,-2.0525359810178507,81,91,-4.517954590221052,0.6303941234946251,26,1.0,512.0,0.2909734087199099,0.007775306336397336,5,0.5362757706522691,None
9,after_carryover,10,81,3.121394039197298,77,78,1.3052685142029077,0.20693113654851913,26,0.8264726866682545,512.0,0.2909734087199099,0.0,5,0.4917482930577063,None
